id,name
1,梦醒
2,花落
3,霸气
4,天涯
5,陌路
6,繁华
7,惊艳
8,葬爱
9,倾国
10,倾城
11,尘缘
12,绮梦
13,碉堡
14,崩溃
15,失意
16,失忆
17,回忆
18,无悔
19,轻舞
20,混血
21,时光
22,蓝衣
23,布衣
24,青衣
25,孤独
26,独孤
27,上官
28,钻石
29,谎言
30,罗衫
31,夕月
32,魔界
33,魔域
34,魔宫
35,三国
36,闪舞
37,梦缘
38,冷月
39,魇魂
40,灭世
41,逍遥
42,地狱
43,倚剑
44,疾风
45,黎明
46,破晓
47,纵横
48,至尊
49,情缘
50,纳兰
51,魅影
52,小小
53,狂龙
54,零度
55,午夜
56,倩女
57,秋水
58,致命
59,飞花
60,彼岸
61,快乐
62,霸道
63,南宫
64,梦幻
65,杀神
66,完美
67,乖乖
68,简单
69,战神
70,天使
71,后羿
72,一生
73,凤舞
74,淘气
75,冷酷
76,乱世
77,欧阳
78,梦回
79,异世
80,霸天
81,落叶
82,浅笑
83,天堂
84,慕容
85,宝贝
86,神
87,秋风
88,红颜
89,烈火
90,一抹
91,魅力
92,小心
93,上帝
94,伤心
95,守护
96,血龙
97,雪天
98,木木
99,医者
100,茉莉
101,独自
102,永恒
103,桃花
104,枫叶
105,小忆
106,雄霸
107,恶魔
108,黑山
109,妩媚
110,西门
111,笑笑
112,落寞
113,唯我
114,东方
115,弑神
116,幽灵
117,寂寞
118,夜雨
119,神医
120,风铃
121,无泪
122,浮生
123,花开
124,无尽
125,流星
126,幽魂
127,邪神
128,如此
129,千年
130,逆天
131,一夜
132,七夜
133,无心
134,柔情
135,阳光
136,烈焰
137,龙腾
138,雨落
139,妖精
140,飞扬
141,极度
142,雪月
143,我心
144,暗夜
145,大漠
146,旧梦
147,可乐
148,小妞
149,尘世
150,殇水
151,三千
152,神仙
153,妖狐
154,可爱
155,魅惑
156,灵魂
157,灵法
158,无情
159,堕落
160,忧伤
161,左手
162,天生
163,悠悠
164,半世
165,苍穹
166,飘飘
167,暗影
168,雨宫
169,羿射
170,傲世
171,诸葛
172,月色
173,柠檬
174,雪域
175,邪恶
176,飘渺
177,黑夜
178,明门
179,神火
180,天之
181,年少
182,小猪
183,嫣然
184,魔之
185,微微
186,星辰
187,霹雳
188,夏日
189,夏天
190,为你
191,唯一
192,魅舞
193,追风
194,皓月
195,水晶
196,唯爱
197,浪漫
198,一剑
199,美丽
200,白狐
201,紫色
202,天下
203,落星
204,苍天
205,飞天
206,无奈
207,唯有
208,君临
209,英雄
210,鬼魅
211,黑暗
212,风花
213,情深
214,踏雪
215,断恨
216,烟花
217,夜色
218,唯美
219,舞动
220,独舞
221,传说
222,激情
223,颓废
224,红色
225,魂火
226,轻伤
227,一叶
228,夜月
229,迷茫
230,销魂
231,暗黑
232,辉煌
233,时尚
234,潇洒
235,龙魂
236,幸福
237,死神
238,白色
239,浅浅
240,烟雨
241,断桥
242,似水
243,人间
244,仁者
245,娇娜
246,轩辕
247,幸运
248,流浪
249,紫夜
250,六月
251,巅峰
252,冰封
253,幻影
254,黯然
255,潇湘
256,月下
257,飞雪
258,黑色
259,悲伤
260,九幽
261,沧海
262,晨曦
263,笑傲
264,傲气
265,温馨
266,撒旦
267,异界
268,幽冥
269,天道
270,炼狱
271,雪舞
272,兜兜
273,百里
274,蓝色
275,冰冰
276,花花
277,宇文
278,王者
279,妖孽
280,幽幽
281,江南
282,狂野
283,雷霆
284,傲雪
285,星空
286,无极
287,杀手
288,白发
289,情丝
290,神箭
291,风骚
292,纯情
293,曲终
294,绝代
295,尘埃
296,破天
297,杀戮
298,魔幻
299,无限
300,飞翔
301,月影
302,寒冰
303,飘零
304,梦想
305,魔尊
306,江湖
307,绝对
308,迷失
309,神话
310,粉红
311,天狼
312,异域
313,星海
314,孤星
315,晓风
316,不败
317,逆世
318,凤凰
319,风中
320,风吹
321,烽火
322,邂逅
323,季末
324,神龙
325,魂魄
326,风见
327,东谷
328,天空
329,谛听
330,明月
331,天外
332,超级
333,雨夜
334,朝暮
335,安静
336,往事
337,我本
338,天河
339,凤羽
340,风雨
341,不死
342,微笑
343,帝王
344,莫忘
345,永远
346,爱情
347,梦里
348,风流
349,天煞
350,漫天
351,帅气
352,暮色
353,九天
354,流水
355,冷血
356,热血
357,黄金
358,白银
359,堕天
360,天地
361,冥王
362,血色
363,乾坤
364,嚣张
365,愤怒
366,剑舞
367,踏歌
368,御魂
369,火舞
370,翩翩
371,神秘
372,司马
373,皇朝
374,皇城
375,无罪
376,方圆
377,魔鬼
378,狂魔
379,夕阳
380,叶落
381,光明
382,神域
383,百步
384,夏侯
385,尉迟
386,赫连
387,澹台
388,皇甫
389,宗政
390,公孙
391,钟离
392,长孙
393,司徒
394,司空
395,闾丘
396,子车
397,乐正
398,拓跋
399,令狐
400,呼延
401,东郭
402,南门
403,左丘
404,东宫
405,子桑
406,即墨
407,褚师
408,北宫
409,北郭
410,北门
411,北山
412,薄野
413,东门
414,东乡
415,东闾
416,东莱
417,方雷
418,哥舒
419,公输
420,归海
421,浩星
422,贺兰
423,九方
424,空相
425,昆吾
426,柳下
427,龙丘
428,卢妃
429,弥牟
430,墨台
431,南郭
432,欧侯
433,祁连
434,绮里
435,青阳
436,三闾
437,尚方
438,少师
439,司鸿
440,完颜
441,西方
442,西野
443,西宫
444,耶律
445,伊祁
446,义渠
447,尹文
448,雍门
449,右师
450,湛卢
451,钟吾
452,拓拔
453,东流
454,南河
455,元天
456,灵天
457,道天
458,玉清
459,东华
460,崇恩
461,玄灵
462,游奕
463,翊圣
464,广寒
465,九曜
466,太阴
467,太阳
468,紫阳
469,岁星
470,辰星
471,岱宗
472,神农
473,南华
474,太平
475,狱神
476,穹天
477,爱染
478,傲刀
479,苍雷
480,缳莺
481,青麟
482,玄龙
483,傲神
484,红尘
485,八荒
486,神野
487,白霭
488,妃樱
489,雕龙
490,黄泉
491,刑蚩
492,烈风
493,北辰
494,绝世
495,元凰
496,玄泣
497,剑魅
498,天邪
499,狂华
500,冰华
501,燎原
502,血魄
503,不破
504,诗海
505,纹蝶
506,苍月
507,孤剑
508,山河
509,长河
510,冥河
511,南风
512,南星
513,长乐
514,魑魔
515,赤鬣
516,赤宵
517,冲灵
518,暗尘
519,狂歌
520,玉霄
521,春秋
523,藏海
524,丹莹
525,独行
526,道释
527,帝鹏
528,邪天
529,靛魂
530,龙残
531,靛羽
532,风莲
533,傩叶
534,羿方
535,独笑
536,九烟
537,金笙
538,香蝶
539,风尘
540,天横
541,相柳
542,千军
543,法门
544,梵刹
545,伽蓝
546,飞魈
547,绯羽
548,狂生
549,千机
550,残影
551,飞沙
552,凌韵
553,乱道
554,凰鸣
555,昭容
556,佛莲
557,伏龙
558,伏天
559,扶风
560,覆天
561,宫楼
562,魇笙
563,苍狼
564,古灯
565,关山
566,聆月
567,观世
568,归元
569,宗煌
570,迦罗
571,凌霜
572,寒山
573,寒烟
574,寒灯
575,寒月
576,昆仑
577,黑白
578,玄离
579,奔雷
580,玄雾
581,蓬莱
582,恒河
583,九翎
584,天权
585,极道
586,极玄
587,剑辰
588,剑离
589,武座
590,惊雷
591,九界
592,千宵
593,九曲
594,九弦
595,九阳
596,九阴
597,九元
598,九州
599,龙魁
600,龙琴
601,龙王
602,龙武
603,龙骧
604,乱神
605,神策
606,摩诃
607,摩罗
608,魔天
609,斗相
610,绝尘
611,墨尘
612,尘音
613,墨兰
614,墨渊
615,天洲
616,苍玄
617,天命
618,天启
619,天阙
620,元初
621,元荒
622,千韵
623,千山
624,元明
625,当红
626,依然
627,桀骜
628,太史
629,端木
630,公冶
631,太叔
632,申屠
633,仲孙
634,亓官
635,公西
637,公良
638,谷梁
639,段干
640,公户
641,公玉
642,公仪
643,梁丘
644,公仲
645,公门
646,公山
647,公坚
648,贯丘
649,南荣
650,东里
651,仲长
652,子书
653,达奚
654,吴铭
655,安陵
656,安平
657,安阳
658,白马
659,北唐
660,奔水
661,薄奚
662,曹牟
663,曹丘
664,常涛
665,成阳
666,穿封
667,淳子
668,答禄
669,淡台
670,邓陵
671,地连
672,地伦
673,东南
674,东丹
675,东陵
676,东关
677,东阳
678,东野
679,丰将
680,封人
681,夫蒙
682,浮丘
683,傅余
684,高车
685,高陵
686,高阳
687,皋落
688,庚桑
689,梗阳
690,宫孙
691,公罔
692,公敛
693,公梁
694,姑布
695,古口
696,古龙
697,古孙
698,谷浑
699,关龙
700,纥奚
701,纥于
702,贺楼
703,侯冈
704,壶丘
705,呼衍
706,斛律
707,胡毋
708,兀官
709,吉白
710,季连
711,蒋丘
712,晋楚
713,睢鸠
714,沮渠
715,勘阻
716,渴侯
717,渴单
718,空桐
719,荔菲
720,梁由
721,梁馀
722,梁垣
723,陵阳
724,伶舟
725,冷沦
726,卢蒲
727,墨夷
728,木易
729,逄门
730,彭祖
731,平陵
732,平宁
733,千代
734,千乘
735,丘丽
736,屈卢
737,屈引
738,士季
739,士贞
740,水丘
741,司士
742,素和
743,夙沙
744,索阳
745,陶丘
746,涂钦
747,吐罗
748,拓拨
749,王孙
750,西陵
751,西钥
752,西乡
753,西郭
754,戏阳
755,瑕吕
756,相里
757,谢丘
758,辛垣
759,信都
760,信平
761,轩丘
762,叶阳
763,猗卢
764,虞丘
765,中野
766,中英
767,中梁
768,终葵
769,周阳
770,宗正
771,尊卢
772,左师
773,左行
774,淳于
